,,,Date,2021/07/26 04:47:41 PM
Product, Contract Month (week), Open Interest(A), Average Volume(B), Liquidity Indicator(A/B)
BRF    ,202109  ,214,94,2.28
BRF    ,202110  ,140,135,1.04
BRF    ,202111  ,2,2,1.00
BRF    ,202112  ,6,1,6.00
BRF    ,202206  ,0,0,NA
BTF    ,202108  ,82,29,2.83
BTF    ,202109  ,2,0,9999.99
BTF    ,202110  ,0,0,NA
BTF    ,202112  ,0,0,NA
BTF    ,202203  ,0,0,NA
BTF    ,202206  ,0,0,NA
CAF    ,202108  ,5134,457,11.23
CAF    ,202109  ,1124,253,4.44
CAF    ,202112  ,0,0,NA
CAF    ,202203  ,0,0,NA
CAF    ,202206  ,0,0,NA
CBF    ,202108  ,38348,13824,2.77
CBF    ,202109  ,1868,429,4.35
CBF    ,202112  ,276,64,4.31
CBF    ,202203  ,160,298,0.54
CBF    ,202206  ,2,50,0.04
CCF    ,202108  ,66730,34594,1.93
CCF    ,202109  ,3516,1107,3.18
CCF    ,202112  ,694,29,23.93
CCF    ,202203  ,320,0,9999.99
CCF    ,202206  ,0,0,NA
CDF    ,202108  ,35246,9151,3.85
CDF    ,202109  ,7946,1375,5.78
CDF    ,202112  ,7496,626,11.97
CDF    ,202203  ,2166,332,6.52
CDF    ,202206  ,60,107,0.56
CEF    ,202108  ,7836,4044,1.94
CEF    ,202109  ,3326,836,3.98
CEF    ,202112  ,30,0,9999.99
CEF    ,202203  ,24,0,9999.99
CEF    ,202206  ,0,0,NA
CFF    ,202108  ,4496,258,17.43
CFF    ,202109  ,336,68,4.94
CFF    ,202112  ,0,0,NA
CFF    ,202203  ,0,0,NA
CFF    ,202206  ,0,0,NA
CGF    ,202108  ,612,110,5.56
CGF    ,202109  ,264,46,5.74
CGF    ,202112  ,38,0,9999.99
CGF    ,202203  ,0,0,NA
CGF    ,202206  ,0,0,NA
CHF    ,202108  ,41308,27305,1.51
CHF    ,202109  ,3448,939,3.67
CHF    ,202112  ,1102,54,20.41
CHF    ,202203  ,524,29,18.07
CHF    ,202206  ,34,21,1.62
CJF    ,202108  ,360,53,6.79
CJF    ,202109  ,72,14,5.14
CJF    ,202112  ,2,0,9999.99
CJF    ,202203  ,0,0,NA
CJF    ,202206  ,0,0,NA
CKF    ,202108  ,6732,3482,1.93
CKF    ,202109  ,454,212,2.14
CKF    ,202112  ,1022,2,511.00
CKF    ,202203  ,256,0,9999.99
CKF    ,202206  ,0,0,NA
CLF    ,202108  ,286,23,12.43
CLF    ,202109  ,48,6,8.00
CLF    ,202112  ,6,0,9999.99
CLF    ,202203  ,0,0,NA
CLF    ,202206  ,0,0,NA
CMF    ,202108  ,358,73,4.90
CMF    ,202109  ,94,17,5.53
CMF    ,202112  ,400,1,400.00
CMF    ,202203  ,0,0,NA
CMF    ,202206  ,0,0,NA
CNF    ,202108  ,842,92,9.15
CNF    ,202109  ,76,19,4.00
CNF    ,202112  ,0,0,NA
CNF    ,202203  ,0,0,NA
CNF    ,202206  ,0,0,NA
CQF    ,202108  ,392,69,5.68
CQF    ,202109  ,18,2,9.00
CQF    ,202112  ,0,0,NA
CQF    ,202203  ,0,0,NA
CQF    ,202206  ,0,0,NA
CRF    ,202108  ,570,54,10.56
CRF    ,202109  ,12,5,2.40
CRF    ,202112  ,10,2,5.00
CRF    ,202203  ,0,0,NA
CRF    ,202206  ,0,0,NA
CSF    ,202108  ,5386,2160,2.49
CSF    ,202109  ,204,33,6.18
CSF    ,202112  ,4,0,9999.99
CSF    ,202203  ,0,0,NA
CSF    ,202206  ,0,0,NA
CUF    ,202108  ,414,116,3.57
CUF    ,202109  ,2,0,9999.99
CUF    ,202112  ,0,0,NA
CUF    ,202203  ,0,0,NA
CUF    ,202206  ,0,0,NA
CWF    ,202108  ,1868,334,5.59
CWF    ,202109  ,36,3,12.00
CWF    ,202112  ,0,0,NA
CWF    ,202203  ,0,0,NA
CWF    ,202206  ,0,0,NA
CYF    ,202108  ,3460,1387,2.49
CYF    ,202109  ,94,24,3.92
CYF    ,202112  ,14,2,7.00
CYF    ,202203  ,16,0,9999.99
CYF    ,202206  ,0,0,NA
CZF    ,202108  ,86032,251820,0.34
CZF    ,202109  ,11718,9513,1.23
CZF    ,202112  ,5824,1785,3.26
CZF    ,202203  ,10286,2345,4.39
CZF    ,202206  ,10,15,0.67
DCF    ,202108  ,402,35,11.49
DCF    ,202109  ,4,0,9999.99
DCF    ,202112  ,4,0,9999.99
DCF    ,202203  ,0,0,NA
DCF    ,202206  ,0,0,NA
DDF    ,202108  ,3434,839,4.09
DDF    ,202109  ,2136,224,9.54
DDF    ,202112  ,1650,180,9.17
DDF    ,202203  ,1848,174,10.62
DDF    ,202206  ,30,12,2.50
DEF    ,202108  ,700,142,4.93
DEF    ,202109  ,280,13,21.54
DEF    ,202112  ,4,0,9999.99
DEF    ,202203  ,0,0,NA
DEF    ,202206  ,0,0,NA
DFF    ,202108  ,3376,554,6.09
DFF    ,202109  ,2020,107,18.88
DFF    ,202112  ,616,50,12.32
DFF    ,202203  ,1128,16,70.50
DFF    ,202206  ,22,7,3.14
DGF    ,202108  ,990,64,15.47
DGF    ,202109  ,24,6,4.00
DGF    ,202112  ,8,1,8.00
DGF    ,202203  ,0,0,NA
DGF    ,202206  ,0,0,NA
DHF    ,202108  ,31090,8685,3.58
DHF    ,202109  ,7202,1894,3.80
DHF    ,202112  ,3088,230,13.43
DHF    ,202203  ,982,274,3.58
DHF    ,202206  ,8,273,0.03
DIF    ,202108  ,19648,4612,4.26
DIF    ,202109  ,106,67,1.58
DIF    ,202112  ,4,0,9999.99
DIF    ,202203  ,62,0,9999.99
DIF    ,202206  ,0,0,NA
DJF    ,202108  ,1994,476,4.19
DJF    ,202109  ,282,87,3.24
DJF    ,202112  ,0,0,NA
DJF    ,202203  ,0,0,NA
DJF    ,202206  ,0,0,NA
DKF    ,202108  ,1058,454,2.33
DKF    ,202109  ,38,7,5.43
DKF    ,202112  ,12,0,9999.99
DKF    ,202203  ,0,0,NA
DKF    ,202206  ,0,0,NA
DLF    ,202108  ,770,63,12.22
DLF    ,202109  ,232,44,5.27
DLF    ,202112  ,1126,0,9999.99
DLF    ,202203  ,0,0,NA
DLF    ,202206  ,0,0,NA
DNF    ,202108  ,852,146,5.84
DNF    ,202109  ,108,5,21.60
DNF    ,202112  ,14,0,9999.99
DNF    ,202203  ,0,0,NA
DNF    ,202206  ,0,0,NA
DOF    ,202108  ,1796,269,6.68
DOF    ,202109  ,166,10,16.60
DOF    ,202112  ,52,2,26.00
DOF    ,202203  ,4,2,2.00
DOF    ,202206  ,0,0,NA
DPF    ,202108  ,206,20,10.30
DPF    ,202109  ,46,8,5.75
DPF    ,202112  ,0,0,NA
DPF    ,202203  ,0,0,NA
DPF    ,202206  ,0,0,NA
DQF    ,202108  ,66956,29271,2.29
DQF    ,202109  ,2470,899,2.75
DQF    ,202112  ,1236,120,10.30
DQF    ,202203  ,2146,61,35.18
DQF    ,202206  ,188,86,2.19
DSF    ,202108  ,6660,1507,4.42
DSF    ,202109  ,582,40,14.55
DSF    ,202112  ,4,0,9999.99
DSF    ,202203  ,0,0,NA
DSF    ,202206  ,0,0,NA
DVF    ,202108  ,6258,2202,2.84
DVF    ,202109  ,1512,209,7.23
DVF    ,202112  ,154,1,154.00
DVF    ,202203  ,126,0,9999.99
DVF    ,202206  ,0,0,NA
DWF    ,202108  ,778,180,4.32
DWF    ,202109  ,100,18,5.56
DWF    ,202112  ,12,0,9999.99
DWF    ,202203  ,42,0,9999.99
DWF    ,202206  ,0,0,NA
DXF    ,202108  ,1244,240,5.18
DXF    ,202109  ,38,6,6.33
DXF    ,202112  ,8,0,9999.99
DXF    ,202203  ,0,0,NA
DXF    ,202206  ,0,0,NA
DYF    ,202108  ,460,93,4.95
DYF    ,202109  ,236,42,5.62
DYF    ,202112  ,294,28,10.50
DYF    ,202203  ,190,1,190.00
DYF    ,202206  ,2,1,2.00
DZF    ,202108  ,126,28,4.50
DZF    ,202109  ,0,0,NA
DZF    ,202112  ,2,0,9999.99
DZF    ,202203  ,0,0,NA
DZF    ,202206  ,0,0,NA
E4F    ,202108  ,84,12,7.00
E4F    ,202109  ,2,9,0.22
E4F    ,202110  ,0,0,NA
E4F    ,202112  ,0,0,NA
E4F    ,202203  ,0,0,NA
E4F    ,202206  ,0,0,NA
EEF    ,202108  ,2956,882,3.35
EEF    ,202109  ,966,8,120.75
EEF    ,202112  ,22,0,9999.99
EEF    ,202203  ,0,0,NA
EEF    ,202206  ,0,0,NA
EGF    ,202108  ,6066,1903,3.19
EGF    ,202109  ,586,59,9.93
EGF    ,202112  ,28,6,4.67
EGF    ,202203  ,0,0,NA
EGF    ,202206  ,0,0,NA
EHF    ,202108  ,86,36,2.39
EHF    ,202109  ,0,0,NA
EHF    ,202112  ,0,0,NA
EHF    ,202203  ,0,0,NA
EHF    ,202206  ,0,0,NA
EMF    ,202108  ,74,23,3.22
EMF    ,202109  ,14,2,7.00
EMF    ,202112  ,2,0,9999.99
EMF    ,202203  ,0,0,NA
EMF    ,202206  ,0,0,NA
EPF    ,202108  ,42,23,1.83
EPF    ,202109  ,0,0,NA
EPF    ,202112  ,0,0,NA
EPF    ,202203  ,0,0,NA
EPF    ,202206  ,0,0,NA
ERF    ,202108  ,36,10,3.60
ERF    ,202109  ,94,0,9999.99
ERF    ,202112  ,2,0,9999.99
ERF    ,202203  ,0,0,NA
ERF    ,202206  ,0,0,NA
EXF    ,202108  ,5536,4295,1.29
EXF    ,202109  ,72,18,4.00
EXF    ,202110  ,0,0,NA
EXF    ,202112  ,4,0,9999.99
EXF    ,202203  ,0,0,NA
EXF    ,202206  ,0,0,NA
EYF    ,202108  ,790,251,3.15
EYF    ,202109  ,2020,1,2020.00
EYF    ,202112  ,0,0,NA
EYF    ,202203  ,0,0,NA
EYF    ,202206  ,0,0,NA
EZF    ,202108  ,130,15,8.67
EZF    ,202109  ,2,0,9999.99
EZF    ,202112  ,0,0,NA
EZF    ,202203  ,0,0,NA
EZF    ,202206  ,0,0,NA
F1F    ,202109  ,738,610,1.21
F1F    ,202112  ,144,65,2.22
F1F    ,202203  ,0,0,NA
F1F    ,202206  ,0,0,NA
FEF    ,202108  ,26898,25099,1.07
FEF    ,202109  ,522,304,1.72
FEF    ,202112  ,134,7,19.14
FEF    ,202203  ,8,1,8.00
FEF    ,202206  ,0,0,NA
FFF    ,202108  ,172,74,2.32
FFF    ,202109  ,14,0,9999.99
FFF    ,202112  ,0,0,NA
FFF    ,202203  ,8,0,9999.99
FFF    ,202206  ,0,0,NA
FGF    ,202108  ,46,8,5.75
FGF    ,202109  ,2,0,9999.99
FGF    ,202112  ,0,0,NA
FGF    ,202203  ,0,0,NA
FGF    ,202206  ,0,0,NA
FKF    ,202108  ,284,26,10.92
FKF    ,202109  ,0,0,NA
FKF    ,202112  ,0,0,NA
FKF    ,202203  ,0,0,NA
FKF    ,202206  ,0,0,NA
FNF    ,202108  ,618,55,11.24
FNF    ,202109  ,28,6,4.67
FNF    ,202112  ,0,0,NA
FNF    ,202203  ,0,0,NA
FNF    ,202206  ,0,0,NA
FQF    ,202108  ,306,42,7.29
FQF    ,202109  ,10,3,3.33
FQF    ,202112  ,0,0,NA
FQF    ,202203  ,0,0,NA
FQF    ,202206  ,0,0,NA
FRF    ,202108  ,3580,674,5.31
FRF    ,202109  ,80,12,6.67
FRF    ,202112  ,4,0,9999.99
FRF    ,202203  ,8,0,9999.99
FRF    ,202206  ,0,0,NA
FTF    ,202108  ,6786,2513,2.70
FTF    ,202109  ,380,29,13.10
FTF    ,202112  ,2,0,9999.99
FTF    ,202203  ,0,0,NA
FTF    ,202206  ,0,0,NA
FVF    ,202108  ,734,296,2.48
FVF    ,202109  ,36,12,3.00
FVF    ,202112  ,0,0,NA
FVF    ,202203  ,0,0,NA
FVF    ,202206  ,0,0,NA
FWF    ,202108  ,1004,529,1.90
FWF    ,202109  ,254,0,9999.99
FWF    ,202112  ,46,0,9999.99
FWF    ,202203  ,12,0,9999.99
FWF    ,202206  ,0,0,NA
FXF    ,202108  ,5312,3243,1.64
FXF    ,202109  ,180,44,4.09
FXF    ,202110  ,0,0,NA
FXF    ,202112  ,20,5,4.00
FXF    ,202203  ,2,0,9999.99
FXF    ,202206  ,2,0,9999.99
FYF    ,202108  ,1642,1584,1.04
FYF    ,202109  ,118,33,3.58
FYF    ,202112  ,2,0,9999.99
FYF    ,202203  ,2,0,9999.99
FYF    ,202206  ,0,0,NA
FZF    ,202108  ,10112,9013,1.12
FZF    ,202109  ,106,36,2.94
FZF    ,202112  ,96,0,9999.99
FZF    ,202203  ,288,0,9999.99
FZF    ,202206  ,0,0,NA
G2F    ,202108  ,262,230,1.14
G2F    ,202109  ,68,26,2.62
G2F    ,202110  ,0,0,NA
G2F    ,202112  ,0,0,NA
G2F    ,202203  ,0,0,NA
G2F    ,202206  ,0,0,NA
GAF    ,202108  ,954,113,8.44
GAF    ,202109  ,30,6,5.00
GAF    ,202112  ,0,0,NA
GAF    ,202203  ,0,0,NA
GAF    ,202206  ,0,0,NA
GCF    ,202108  ,1088,174,6.25
GCF    ,202109  ,20,4,5.00
GCF    ,202112  ,0,0,NA
GCF    ,202203  ,2,0,9999.99
GCF    ,202206  ,0,0,NA
GDF    ,202108  ,456,26,17.54
GDF    ,202110  ,468,38,12.32
GDF    ,202112  ,0,0,NA
GDF    ,202202  ,0,0,NA
GDF    ,202204  ,0,0,NA
GDF    ,202206  ,0,0,NA
GHF    ,202108  ,2026,1369,1.48
GHF    ,202109  ,24,9,2.67
GHF    ,202112  ,4,1,4.00
GHF    ,202203  ,0,0,NA
GHF    ,202206  ,0,0,NA
GIF    ,202108  ,532,391,1.36
GIF    ,202109  ,8,2,4.00
GIF    ,202112  ,6,1,6.00
GIF    ,202203  ,2,0,9999.99
GIF    ,202206  ,0,0,NA
GJF    ,202108  ,1652,358,4.61
GJF    ,202109  ,222,56,3.96
GJF    ,202112  ,0,0,NA
GJF    ,202203  ,0,0,NA
GJF    ,202206  ,0,0,NA
GLF    ,202108  ,364,60,6.07
GLF    ,202109  ,26,6,4.33
GLF    ,202112  ,2,0,9999.99
GLF    ,202203  ,0,0,NA
GLF    ,202206  ,0,0,NA
GMF    ,202108  ,934,966,0.97
GMF    ,202109  ,28,6,4.67
GMF    ,202112  ,0,0,NA
GMF    ,202203  ,0,0,NA
GMF    ,202206  ,0,0,NA
GNF    ,202108  ,4908,15144,0.32
GNF    ,202109  ,196,134,1.46
GNF    ,202112  ,16,3,5.33
GNF    ,202203  ,0,2,0.00
GNF    ,202206  ,0,0,NA
GOF    ,202108  ,106,6,17.67
GOF    ,202109  ,12,0,9999.99
GOF    ,202112  ,6,0,9999.99
GOF    ,202203  ,2,0,9999.99
GOF    ,202206  ,0,0,NA
GRF    ,202108  ,2136,1427,1.50
GRF    ,202109  ,484,19,25.47
GRF    ,202112  ,2,0,9999.99
GRF    ,202203  ,0,0,NA
GRF    ,202206  ,0,0,NA
GTF    ,202108  ,108,87,1.24
GTF    ,202109  ,34,7,4.86
GTF    ,202110  ,0,0,NA
GTF    ,202112  ,0,0,NA
GTF    ,202203  ,0,0,NA
GTF    ,202206  ,0,0,NA
GUF    ,202108  ,976,886,1.10
GUF    ,202109  ,4,3,1.33
GUF    ,202112  ,0,0,NA
GUF    ,202203  ,0,0,NA
GUF    ,202206  ,0,0,NA
GWF    ,202108  ,1352,825,1.64
GWF    ,202109  ,6,12,0.50
GWF    ,202112  ,0,0,NA
GWF    ,202203  ,0,0,NA
GWF    ,202206  ,0,0,NA
GXF    ,202108  ,5868,1290,4.55
GXF    ,202109  ,100,16,6.25
GXF    ,202112  ,10,0,9999.99
GXF    ,202203  ,10,0,9999.99
GXF    ,202206  ,0,0,NA
GZF    ,202108  ,200,67,2.99
GZF    ,202109  ,4,1,4.00
GZF    ,202112  ,0,0,NA
GZF    ,202203  ,2,0,9999.99
GZF    ,202206  ,0,0,NA
HAF    ,202108  ,292,55,5.31
HAF    ,202109  ,22,0,9999.99
HAF    ,202112  ,0,0,NA
HAF    ,202203  ,0,0,NA
HAF    ,202206  ,0,0,NA
HBF    ,202108  ,1824,1002,1.82
HBF    ,202109  ,34,10,3.40
HBF    ,202112  ,0,0,NA
HBF    ,202203  ,40,8,5.00
HBF    ,202206  ,0,0,NA
HCF    ,202108  ,1610,437,3.68
HCF    ,202109  ,142,36,3.94
HCF    ,202112  ,206,1,206.00
HCF    ,202203  ,0,0,NA
HCF    ,202206  ,0,0,NA
HHF    ,202108  ,418,74,5.65
HHF    ,202109  ,0,0,NA
HHF    ,202112  ,2,0,9999.99
HHF    ,202203  ,0,0,NA
HHF    ,202206  ,0,0,NA
HIF    ,202108  ,3402,444,7.66
HIF    ,202109  ,2762,177,15.60
HIF    ,202112  ,20,0,9999.99
HIF    ,202203  ,0,0,NA
HIF    ,202206  ,0,0,NA
HLF    ,202108  ,458,92,4.98
HLF    ,202109  ,148,5,29.60
HLF    ,202112  ,12,0,9999.99
HLF    ,202203  ,0,0,NA
HLF    ,202206  ,0,0,NA
HOF    ,202108  ,46,10,4.60
HOF    ,202109  ,0,0,NA
HOF    ,202112  ,0,0,NA
HOF    ,202203  ,0,0,NA
HOF    ,202206  ,0,0,NA
HSF    ,202108  ,15064,7617,1.98
HSF    ,202109  ,1040,134,7.76
HSF    ,202112  ,394,4,98.50
HSF    ,202203  ,162,11,14.73
HSF    ,202206  ,0,0,NA
HYF    ,202108  ,636,78,8.15
HYF    ,202109  ,102,9,11.33
HYF    ,202112  ,0,0,NA
HYF    ,202203  ,0,0,NA
HYF    ,202206  ,0,0,NA
IAF    ,202108  ,524,80,6.55
IAF    ,202109  ,280,0,9999.99
IAF    ,202112  ,132,4,33.00
IAF    ,202203  ,20,0,9999.99
IAF    ,202206  ,0,0,NA
IHF    ,202108  ,240,54,4.44
IHF    ,202109  ,668,0,9999.99
IHF    ,202112  ,0,0,NA
IHF    ,202203  ,0,0,NA
IHF    ,202206  ,0,0,NA
IIF    ,202108  ,9456,19804,0.48
IIF    ,202109  ,44,20,2.20
IIF    ,202112  ,2,0,9999.99
IIF    ,202203  ,0,0,NA
IIF    ,202206  ,0,0,NA
IJF    ,202108  ,50,5,10.00
IJF    ,202109  ,0,0,NA
IJF    ,202112  ,0,0,NA
IJF    ,202203  ,0,0,NA
IJF    ,202206  ,0,0,NA
IMF    ,202108  ,1812,1243,1.46
IMF    ,202109  ,34,13,2.62
IMF    ,202112  ,2,0,9999.99
IMF    ,202203  ,2,0,9999.99
IMF    ,202206  ,0,0,NA
IOF    ,202108  ,3826,2369,1.62
IOF    ,202109  ,126,7,18.00
IOF    ,202112  ,10,2,5.00
IOF    ,202203  ,0,0,NA
IOF    ,202206  ,0,0,NA
IPF    ,202108  ,1966,1406,1.40
IPF    ,202109  ,26,11,2.36
IPF    ,202112  ,2,0,9999.99
IPF    ,202203  ,0,0,NA
IPF    ,202206  ,0,0,NA
IQF    ,202108  ,486,121,4.02
IQF    ,202109  ,0,0,NA
IQF    ,202112  ,0,0,NA
IQF    ,202203  ,0,0,NA
IQF    ,202206  ,0,0,NA
IRF    ,202108  ,7254,6596,1.10
IRF    ,202109  ,72,32,2.25
IRF    ,202112  ,0,0,NA
IRF    ,202203  ,34,0,9999.99
IRF    ,202206  ,0,0,NA
ITF    ,202108  ,3108,1952,1.59
ITF    ,202109  ,108,41,2.63
ITF    ,202112  ,0,0,NA
ITF    ,202203  ,0,0,NA
ITF    ,202206  ,0,0,NA
IXF    ,202108  ,5736,5294,1.08
IXF    ,202109  ,58,19,3.05
IXF    ,202112  ,8,2,4.00
IXF    ,202203  ,6,1,6.00
IXF    ,202206  ,4,2,2.00
IYF    ,202108  ,240,32,7.50
IYF    ,202109  ,6,2,3.00
IYF    ,202112  ,0,0,NA
IYF    ,202203  ,0,0,NA
IYF    ,202206  ,0,0,NA
IZF    ,202108  ,198,54,3.67
IZF    ,202109  ,240,1,240.00
IZF    ,202112  ,0,0,NA
IZF    ,202203  ,0,0,NA
IZF    ,202206  ,0,0,NA
JBF    ,202108  ,750,414,1.81
JBF    ,202109  ,6,3,2.00
JBF    ,202112  ,0,0,NA
JBF    ,202203  ,0,0,NA
JBF    ,202206  ,0,0,NA
JFF    ,202108  ,624,42,14.86
JFF    ,202109  ,70,14,5.00
JFF    ,202112  ,0,0,NA
JFF    ,202203  ,0,0,NA
JFF    ,202206  ,0,0,NA
JMF    ,202108  ,184,49,3.76
JMF    ,202109  ,26,0,9999.99
JMF    ,202112  ,2,0,9999.99
JMF    ,202203  ,0,0,NA
JMF    ,202206  ,0,0,NA
JNF    ,202108  ,850,197,4.31
JNF    ,202109  ,24,1,24.00
JNF    ,202112  ,34,1,34.00
JNF    ,202203  ,12,0,9999.99
JNF    ,202206  ,0,0,NA
JPF    ,202108  ,116,14,8.29
JPF    ,202109  ,4,1,4.00
JPF    ,202112  ,0,0,NA
JPF    ,202203  ,0,0,NA
JPF    ,202206  ,0,0,NA
JSF    ,202108  ,1406,218,6.45
JSF    ,202109  ,64,18,3.56
JSF    ,202112  ,8,1,8.00
JSF    ,202203  ,0,0,NA
JSF    ,202206  ,0,0,NA
JWF    ,202108  ,52,13,4.00
JWF    ,202109  ,10,0,9999.99
JWF    ,202112  ,0,0,NA
JWF    ,202203  ,0,0,NA
JWF    ,202206  ,0,0,NA
JZF    ,202108  ,974,416,2.34
JZF    ,202109  ,508,2,254.00
JZF    ,202112  ,4,0,9999.99
JZF    ,202203  ,0,0,NA
JZF    ,202206  ,0,0,NA
KAF    ,202108  ,590,353,1.67
KAF    ,202109  ,26,3,8.67
KAF    ,202112  ,0,0,NA
KAF    ,202203  ,0,0,NA
KAF    ,202206  ,0,0,NA
KB1    ,202108  ,74,8,9.25
KBF    ,202108  ,284,78,3.64
KBF    ,202109  ,0,0,NA
KBF    ,202112  ,0,0,NA
KBF    ,202203  ,0,0,NA
KBF    ,202206  ,0,0,NA
KCF    ,202108  ,208,34,6.12
KCF    ,202109  ,0,0,NA
KCF    ,202112  ,0,0,NA
KCF    ,202203  ,0,0,NA
KCF    ,202206  ,0,0,NA
KDF    ,202108  ,6514,4536,1.44
KDF    ,202109  ,338,122,2.77
KDF    ,202112  ,2,0,9999.99
KDF    ,202203  ,0,0,NA
KDF    ,202206  ,0,0,NA
KEF    ,202108  ,2052,820,2.50
KEF    ,202109  ,154,8,19.25
KEF    ,202112  ,50,0,9999.99
KEF    ,202203  ,0,0,NA
KEF    ,202206  ,0,0,NA
KFF    ,202108  ,178,73,2.44
KFF    ,202109  ,12,3,4.00
KFF    ,202112  ,2,1,2.00
KFF    ,202203  ,0,0,NA
KFF    ,202206  ,0,0,NA
KGF    ,202108  ,562,195,2.88
KGF    ,202109  ,0,1,0.00
KGF    ,202112  ,0,0,NA
KGF    ,202203  ,2,1,2.00
KGF    ,202206  ,0,0,NA
KIF    ,202108  ,414,140,2.96
KIF    ,202109  ,0,1,0.00
KIF    ,202112  ,0,0,NA
KIF    ,202203  ,2,0,9999.99
KIF    ,202206  ,0,0,NA
KKF    ,202108  ,148,55,2.69
KKF    ,202109  ,0,0,NA
KKF    ,202112  ,2,0,9999.99
KKF    ,202203  ,0,0,NA
KKF    ,202206  ,0,0,NA
KLF    ,202108  ,774,146,5.30
KLF    ,202109  ,34,8,4.25
KLF    ,202112  ,0,0,NA
KLF    ,202203  ,0,0,NA
KLF    ,202206  ,0,0,NA
KOF    ,202108  ,1566,70,22.37
KOF    ,202109  ,134,27,4.96
KOF    ,202112  ,0,0,NA
KOF    ,202203  ,0,0,NA
KOF    ,202206  ,0,0,NA
KPF    ,202108  ,944,331,2.85
KPF    ,202109  ,82,18,4.56
KPF    ,202112  ,0,0,NA
KPF    ,202203  ,0,0,NA
KPF    ,202206  ,0,0,NA
KSF    ,202108  ,700,87,8.05
KSF    ,202109  ,40,8,5.00
KSF    ,202112  ,0,0,NA
KSF    ,202203  ,0,0,NA
KSF    ,202206  ,0,0,NA
KWF    ,202108  ,2748,2752,1.00
KWF    ,202109  ,114,42,2.71
KWF    ,202112  ,0,0,NA
KWF    ,202203  ,0,0,NA
KWF    ,202206  ,0,0,NA
LBF    ,202108  ,48,13,3.69
LBF    ,202109  ,0,0,NA
LBF    ,202112  ,0,0,NA
LBF    ,202203  ,0,0,NA
LBF    ,202206  ,0,0,NA
LCF    ,202108  ,200,28,7.14
LCF    ,202109  ,54,6,9.00
LCF    ,202112  ,12,2,6.00
LCF    ,202203  ,0,0,NA
LCF    ,202206  ,0,0,NA
LEF    ,202108  ,1716,710,2.42
LEF    ,202109  ,2,0,9999.99
LEF    ,202112  ,0,0,NA
LEF    ,202203  ,0,0,NA
LEF    ,202206  ,0,0,NA
LIF    ,202108  ,3288,1146,2.87
LIF    ,202109  ,158,36,4.39
LIF    ,202112  ,14,3,4.67
LIF    ,202203  ,0,0,NA
LIF    ,202206  ,0,0,NA
LMF    ,202108  ,412,31,13.29
LMF    ,202109  ,48,10,4.80
LMF    ,202112  ,0,0,NA
LMF    ,202203  ,0,0,NA
LMF    ,202206  ,0,0,NA
LOF    ,202108  ,112,10,11.20
LOF    ,202109  ,2,0,9999.99
LOF    ,202112  ,0,0,NA
LOF    ,202203  ,0,0,NA
LOF    ,202206  ,0,0,NA
LQF    ,202108  ,1536,242,6.35
LQF    ,202109  ,52,10,5.20
LQF    ,202112  ,0,0,NA
LQF    ,202203  ,0,0,NA
LQF    ,202206  ,0,0,NA
LRF    ,202108  ,3038,314,9.68
LRF    ,202109  ,244,36,6.78
LRF    ,202112  ,70,0,9999.99
LRF    ,202203  ,2,0,9999.99
LRF    ,202206  ,0,0,NA
LTF    ,202108  ,204,104,1.96
LTF    ,202109  ,0,0,NA
LTF    ,202112  ,0,0,NA
LTF    ,202203  ,0,0,NA
LTF    ,202206  ,0,0,NA
LUF    ,202108  ,1634,274,5.96
LUF    ,202109  ,48,7,6.86
LUF    ,202112  ,34,0,9999.99
LUF    ,202203  ,14,0,9999.99
LUF    ,202206  ,0,0,NA
LVF    ,202108  ,108,34,3.18
LVF    ,202109  ,22,7,3.14
LVF    ,202112  ,2,0,9999.99
LVF    ,202203  ,0,0,NA
LVF    ,202206  ,0,0,NA
LWF    ,202108  ,630,83,7.59
LWF    ,202109  ,44,10,4.40
LWF    ,202112  ,0,0,NA
LWF    ,202203  ,0,0,NA
LWF    ,202206  ,0,0,NA
LXF    ,202108  ,2884,1989,1.45
LXF    ,202109  ,80,33,2.42
LXF    ,202112  ,6,0,9999.99
LXF    ,202203  ,0,0,NA
LXF    ,202206  ,0,0,NA
LYF    ,202108  ,2084,1320,1.58
LYF    ,202109  ,98,37,2.65
LYF    ,202112  ,12,7,1.71
LYF    ,202203  ,12,3,4.00
LYF    ,202206  ,0,0,NA
MAF    ,202108  ,90,24,3.75
MAF    ,202109  ,26,4,6.50
MAF    ,202112  ,0,0,NA
MAF    ,202203  ,0,0,NA
MAF    ,202206  ,0,0,NA
MBF    ,202108  ,582,70,8.31
MBF    ,202109  ,20,4,5.00
MBF    ,202112  ,0,0,NA
MBF    ,202203  ,0,0,NA
MBF    ,202206  ,0,0,NA
MJF    ,202108  ,46,9,5.11
MJF    ,202109  ,8,1,8.00
MJF    ,202112  ,0,0,NA
MJF    ,202203  ,0,0,NA
MJF    ,202206  ,0,0,NA
MKF    ,202108  ,534,107,4.99
MKF    ,202109  ,6,1,6.00
MKF    ,202112  ,2,0,9999.99
MKF    ,202203  ,2,0,9999.99
MKF    ,202206  ,0,0,NA
MPF    ,202108  ,38,15,2.53
MPF    ,202109  ,50,0,9999.99
MPF    ,202112  ,2,0,9999.99
MPF    ,202203  ,0,0,NA
MPF    ,202206  ,0,0,NA
MQF    ,202108  ,2314,1070,2.16
MQF    ,202109  ,108,28,3.86
MQF    ,202112  ,0,0,NA
MQF    ,202203  ,2,0,9999.99
MQF    ,202206  ,0,0,NA
MVF    ,202108  ,1242,231,5.38
MVF    ,202109  ,166,37,4.49
MVF    ,202112  ,0,0,NA
MVF    ,202203  ,0,0,NA
MVF    ,202206  ,0,0,NA
MXF    ,202107W4,596,1241,0.48
MXF    ,202108  ,86710,398225,0.22
MXF    ,202109  ,10768,7194,1.50
MXF    ,202110  ,548,793,0.69
MXF    ,202112  ,5730,789,7.26
MXF    ,202203  ,2756,307,8.98
MXF    ,202206  ,738,153,4.82
MYF    ,202108  ,10,2,5.00
MYF    ,202109  ,0,0,NA
MYF    ,202112  ,0,0,NA
MYF    ,202203  ,0,0,NA
MYF    ,202206  ,0,0,NA
NAF    ,202108  ,1196,710,1.68
NAF    ,202109  ,14,3,4.67
NAF    ,202112  ,2,0,9999.99
NAF    ,202203  ,0,0,NA
NAF    ,202206  ,0,0,NA
NBF    ,202108  ,56,16,3.50
NBF    ,202109  ,22,4,5.50
NBF    ,202112  ,0,0,NA
NBF    ,202203  ,0,0,NA
NBF    ,202206  ,0,0,NA
NCF    ,202108  ,416,14,29.71
NCF    ,202109  ,8,2,4.00
NCF    ,202112  ,0,0,NA
NCF    ,202203  ,0,0,NA
NCF    ,202206  ,0,0,NA
NDF    ,202108  ,5534,4798,1.15
NDF    ,202109  ,46,30,1.53
NDF    ,202112  ,0,0,NA
NDF    ,202203  ,42,0,9999.99
NDF    ,202206  ,0,0,NA
NEF    ,202108  ,996,507,1.96
NEF    ,202109  ,22,4,5.50
NEF    ,202112  ,0,0,NA
NEF    ,202203  ,0,0,NA
NEF    ,202206  ,0,0,NA
NGF    ,202108  ,126,77,1.64
NGF    ,202109  ,0,0,NA
NGF    ,202112  ,0,0,NA
NGF    ,202203  ,0,0,NA
NGF    ,202206  ,0,0,NA
NIF    ,202108  ,202,27,7.48
NIF    ,202109  ,6,1,6.00
NIF    ,202112  ,6,0,9999.99
NIF    ,202203  ,0,0,NA
NIF    ,202206  ,0,0,NA
NJF    ,202108  ,1042,712,1.46
NJF    ,202109  ,50,23,2.17
NJF    ,202112  ,0,0,NA
NJF    ,202203  ,0,0,NA
NJF    ,202206  ,0,0,NA
NLF    ,202108  ,314,72,4.36
NLF    ,202109  ,2,0,9999.99
NLF    ,202112  ,0,0,NA
NLF    ,202203  ,0,0,NA
NLF    ,202206  ,0,0,NA
NMF    ,202108  ,122,34,3.59
NMF    ,202109  ,2,0,9999.99
NMF    ,202112  ,0,0,NA
NMF    ,202203  ,0,0,NA
NMF    ,202206  ,0,0,NA
NOF    ,202108  ,7456,4213,1.77
NOF    ,202109  ,226,70,3.23
NOF    ,202112  ,336,20,16.80
NOF    ,202203  ,40,8,5.00
NOF    ,202206  ,0,0,NA
NQF    ,202108  ,432,67,6.45
NQF    ,202109  ,24,7,3.43
NQF    ,202112  ,0,0,NA
NQF    ,202203  ,0,0,NA
NQF    ,202206  ,0,0,NA
NSF    ,202108  ,3464,1569,2.21
NSF    ,202109  ,50,17,2.94
NSF    ,202112  ,2,1,2.00
NSF    ,202203  ,0,0,NA
NSF    ,202206  ,0,0,NA
NUF    ,202108  ,764,593,1.29
NUF    ,202109  ,26,10,2.60
NUF    ,202112  ,0,0,NA
NUF    ,202203  ,0,0,NA
NUF    ,202206  ,0,0,NA
NVF    ,202108  ,3306,3108,1.06
NVF    ,202109  ,82,25,3.28
NVF    ,202112  ,2,0,9999.99
NVF    ,202203  ,10,0,9999.99
NVF    ,202206  ,0,0,NA
NWF    ,202108  ,408,120,3.40
NWF    ,202109  ,48,13,3.69
NWF    ,202112  ,0,0,NA
NWF    ,202203  ,0,0,NA
NWF    ,202206  ,0,0,NA
NXF    ,202108  ,318,63,5.05
NXF    ,202109  ,0,0,NA
NXF    ,202112  ,0,0,NA
NXF    ,202203  ,0,0,NA
NXF    ,202206  ,0,0,NA
NYF    ,202108  ,16540,2928,5.65
NYF    ,202109  ,50,24,2.08
NYF    ,202112  ,8,0,9999.99
NYF    ,202203  ,0,0,NA
NYF    ,202206  ,0,0,NA
NZF    ,202108  ,90,37,2.43
NZF    ,202109  ,8,2,4.00
NZF    ,202112  ,2,0,9999.99
NZF    ,202203  ,0,0,NA
NZF    ,202206  ,0,0,NA
OAF    ,202108  ,4180,594,7.04
OAF    ,202109  ,320,72,4.44
OAF    ,202112  ,0,0,NA
OAF    ,202203  ,0,0,NA
OAF    ,202206  ,0,0,NA
OBF    ,202108  ,82,20,4.10
OBF    ,202109  ,2,4,0.50
OBF    ,202112  ,0,0,NA
OBF    ,202203  ,0,0,NA
OBF    ,202206  ,0,0,NA
OCF    ,202108  ,38,12,3.17
OCF    ,202109  ,4,1,4.00
OCF    ,202112  ,0,0,NA
OCF    ,202203  ,0,0,NA
OCF    ,202206  ,0,0,NA
ODF    ,202108  ,226,96,2.35
ODF    ,202109  ,10,0,9999.99
ODF    ,202112  ,0,0,NA
ODF    ,202203  ,2,0,9999.99
ODF    ,202206  ,0,0,NA
OEF    ,202108  ,5900,8192,0.72
OEF    ,202109  ,354,166,2.13
OEF    ,202112  ,4,0,9999.99
OEF    ,202203  ,4,0,9999.99
OEF    ,202206  ,0,0,NA
OHF    ,202108  ,144,47,3.06
OHF    ,202109  ,4,1,4.00
OHF    ,202112  ,2,0,9999.99
OHF    ,202203  ,0,0,NA
OHF    ,202206  ,0,0,NA
OJF    ,202108  ,878,276,3.18
OJF    ,202109  ,56,22,2.55
OJF    ,202112  ,0,0,NA
OJF    ,202203  ,0,0,NA
OJF    ,202206  ,0,0,NA
OKF    ,202108  ,1152,193,5.97
OKF    ,202109  ,54,20,2.70
OKF    ,202112  ,0,0,NA
OKF    ,202203  ,0,0,NA
OKF    ,202206  ,0,0,NA
OLF    ,202108  ,2206,586,3.76
OLF    ,202109  ,140,15,9.33
OLF    ,202112  ,20,0,9999.99
OLF    ,202203  ,6,0,9999.99
OLF    ,202206  ,0,0,NA
OMF    ,202108  ,522,167,3.13
OMF    ,202109  ,42,5,8.40
OMF    ,202112  ,0,0,NA
OMF    ,202203  ,0,0,NA
OMF    ,202206  ,0,0,NA
OOF    ,202108  ,118,48,2.46
OOF    ,202109  ,22,14,1.57
OOF    ,202112  ,0,0,NA
OOF    ,202203  ,0,0,NA
OOF    ,202206  ,0,0,NA
OPF    ,202108  ,298,118,2.53
OPF    ,202109  ,2,0,9999.99
OPF    ,202112  ,2,0,9999.99
OPF    ,202203  ,0,0,NA
OPF    ,202206  ,0,0,NA
OQF    ,202108  ,280,28,10.00
OQF    ,202109  ,24,8,3.00
OQF    ,202112  ,0,0,NA
OQF    ,202203  ,2,0,9999.99
OQF    ,202206  ,0,0,NA
ORF    ,202108  ,616,104,5.92
ORF    ,202109  ,4,1,4.00
ORF    ,202112  ,0,0,NA
ORF    ,202203  ,0,0,NA
ORF    ,202206  ,0,0,NA
OSF    ,202108  ,2178,835,2.61
OSF    ,202109  ,28,8,3.50
OSF    ,202112  ,0,0,NA
OSF    ,202203  ,2,0,9999.99
OSF    ,202206  ,0,0,NA
OTF    ,202108  ,30,9,3.33
OTF    ,202109  ,0,0,NA
OTF    ,202112  ,0,0,NA
OTF    ,202203  ,0,0,NA
OTF    ,202206  ,0,0,NA
OUF    ,202108  ,986,610,1.62
OUF    ,202109  ,64,25,2.56
OUF    ,202112  ,0,0,NA
OUF    ,202203  ,0,0,NA
OUF    ,202206  ,0,0,NA
OVF    ,202108  ,1038,74,14.03
OVF    ,202109  ,20,5,4.00
OVF    ,202112  ,0,0,NA
OVF    ,202203  ,0,0,NA
OVF    ,202206  ,0,0,NA
OWF    ,202108  ,430,340,1.26
OWF    ,202109  ,2,0,9999.99
OWF    ,202112  ,8,0,9999.99
OWF    ,202203  ,6,0,9999.99
OWF    ,202206  ,0,0,NA
OXF    ,202108  ,0,0,NA
OXF    ,202109  ,0,0,NA
OXF    ,202112  ,0,0,NA
OXF    ,202203  ,0,0,NA
OXF    ,202206  ,0,0,NA
OYF    ,202108  ,68,18,3.78
OYF    ,202109  ,2,0,9999.99
OYF    ,202112  ,0,0,NA
OYF    ,202203  ,0,0,NA
OYF    ,202206  ,0,0,NA
OZF    ,202108  ,4552,1474,3.09
OZF    ,202109  ,106,20,5.30
OZF    ,202112  ,60,10,6.00
OZF    ,202203  ,14,3,4.67
OZF    ,202206  ,0,0,NA
PAF    ,202108  ,2518,1730,1.46
PAF    ,202109  ,52,15,3.47
PAF    ,202112  ,4,0,9999.99
PAF    ,202203  ,0,0,NA
PAF    ,202206  ,0,0,NA
PBF    ,202108  ,834,396,2.11
PBF    ,202109  ,12,6,2.00
PBF    ,202112  ,0,0,NA
PBF    ,202203  ,0,0,NA
PBF    ,202206  ,0,0,NA
PCF    ,202108  ,56,14,4.00
PCF    ,202109  ,2,0,9999.99
PCF    ,202112  ,0,0,NA
PCF    ,202203  ,0,0,NA
PCF    ,202206  ,0,0,NA
PDF    ,202108  ,196,35,5.60
PDF    ,202109  ,2,0,9999.99
PDF    ,202112  ,0,0,NA
PDF    ,202203  ,0,0,NA
PDF    ,202206  ,0,0,NA
PEF    ,202108  ,2452,4186,0.59
PEF    ,202109  ,12,8,1.50
PEF    ,202112  ,0,0,NA
PEF    ,202203  ,0,0,NA
PEF    ,202206  ,0,0,NA
PFF    ,202108  ,72,28,2.57
PFF    ,202109  ,4,1,4.00
PFF    ,202112  ,0,0,NA
PFF    ,202203  ,0,0,NA
PFF    ,202206  ,0,0,NA
PGF    ,202108  ,304,30,10.13
PGF    ,202109  ,2,0,9999.99
PGF    ,202112  ,0,0,NA
PGF    ,202203  ,0,0,NA
PGF    ,202206  ,0,0,NA
PHF    ,202108  ,0,0,NA
PHF    ,202109  ,0,0,NA
PHF    ,202112  ,0,0,NA
PHF    ,202203  ,0,0,NA
PHF    ,202206  ,0,0,NA
PIF    ,202108  ,16,7,2.29
PIF    ,202109  ,6,1,6.00
PIF    ,202112  ,0,0,NA
PIF    ,202203  ,0,0,NA
PIF    ,202206  ,0,0,NA
PJF    ,202108  ,2170,431,5.03
PJF    ,202109  ,172,54,3.19
PJF    ,202112  ,0,0,NA
PJF    ,202203  ,2,0,9999.99
PJF    ,202206  ,0,0,NA
PKF    ,202108  ,430,289,1.49
PKF    ,202109  ,2,1,2.00
PKF    ,202112  ,0,0,NA
PKF    ,202203  ,0,0,NA
PKF    ,202206  ,0,0,NA
PLF    ,202108  ,4956,6927,0.72
PLF    ,202109  ,130,44,2.95
PLF    ,202112  ,0,0,NA
PLF    ,202203  ,0,1,0.00
PLF    ,202206  ,0,0,NA
PMF    ,202108  ,616,123,5.01
PMF    ,202109  ,44,19,2.32
PMF    ,202112  ,12,2,6.00
PMF    ,202203  ,0,0,NA
PMF    ,202206  ,0,0,NA
PNF    ,202108  ,334,126,2.65
PNF    ,202109  ,6,0,9999.99
PNF    ,202112  ,0,0,NA
PNF    ,202203  ,0,0,NA
PNF    ,202206  ,0,0,NA
POF    ,202108  ,48,12,4.00
POF    ,202109  ,0,0,NA
POF    ,202112  ,0,0,NA
POF    ,202203  ,0,0,NA
POF    ,202206  ,0,0,NA
PPF    ,202108  ,138,30,4.60
PPF    ,202109  ,0,0,NA
PPF    ,202112  ,0,0,NA
PPF    ,202203  ,0,0,NA
PPF    ,202206  ,0,0,NA
PQF    ,202108  ,936,996,0.94
PQF    ,202109  ,46,10,4.60
PQF    ,202112  ,0,0,NA
PQF    ,202203  ,0,0,NA
PQF    ,202206  ,0,0,NA
PRF    ,202108  ,1692,1743,0.97
PRF    ,202109  ,10,3,3.33
PRF    ,202112  ,0,0,NA
PRF    ,202203  ,0,0,NA
PRF    ,202206  ,0,0,NA
PSF    ,202108  ,268,43,6.23
PSF    ,202109  ,20,0,9999.99
PSF    ,202112  ,0,0,NA
PSF    ,202203  ,0,0,NA
PSF    ,202206  ,0,0,NA
PTF    ,202108  ,276,94,2.94
PTF    ,202109  ,2,0,9999.99
PTF    ,202112  ,0,0,NA
PTF    ,202203  ,0,0,NA
PTF    ,202206  ,0,0,NA
PUF    ,202108  ,7376,3051,2.42
PUF    ,202109  ,470,61,7.70
PUF    ,202112  ,268,9,29.78
PUF    ,202203  ,60,0,9999.99
PUF    ,202206  ,0,0,NA
PVF    ,202108  ,6,0,9999.99
PVF    ,202109  ,0,0,NA
PVF    ,202112  ,0,0,NA
PVF    ,202203  ,0,0,NA
PVF    ,202206  ,0,0,NA
PWF    ,202108  ,54,19,2.84
PWF    ,202109  ,0,0,NA
PWF    ,202112  ,0,0,NA
PWF    ,202203  ,0,0,NA
PWF    ,202206  ,0,0,NA
PXF    ,202108  ,36,5,7.20
PXF    ,202109  ,4,0,9999.99
PXF    ,202112  ,0,0,NA
PXF    ,202203  ,0,0,NA
PXF    ,202206  ,0,0,NA
PYF    ,202108  ,228,34,6.71
PYF    ,202109  ,20,4,5.00
PYF    ,202112  ,0,0,NA
PYF    ,202203  ,0,0,NA
PYF    ,202206  ,0,0,NA
PZF    ,202108  ,0,0,NA
PZF    ,202109  ,0,0,NA
PZF    ,202112  ,0,0,NA
PZF    ,202203  ,0,0,NA
PZF    ,202206  ,0,0,NA
QAF    ,202108  ,20,4,5.00
QAF    ,202109  ,0,0,NA
QAF    ,202112  ,0,0,NA
QAF    ,202203  ,0,0,NA
QAF    ,202206  ,0,0,NA
QBF    ,202108  ,1210,644,1.88
QBF    ,202109  ,10,1,10.00
QBF    ,202112  ,0,0,NA
QBF    ,202203  ,0,0,NA
QBF    ,202206  ,0,0,NA
QCF    ,202108  ,7334,13854,0.53
QCF    ,202109  ,142,118,1.20
QCF    ,202112  ,14,1,14.00
QCF    ,202203  ,0,0,NA
QCF    ,202206  ,0,0,NA
QDF    ,202108  ,102,17,6.00
QDF    ,202109  ,2,0,9999.99
QDF    ,202112  ,0,0,NA
QDF    ,202203  ,0,0,NA
QDF    ,202206  ,0,0,NA
QEF    ,202108  ,2778,1246,2.23
QEF    ,202109  ,216,90,2.40
QEF    ,202112  ,4,0,9999.99
QEF    ,202203  ,16,1,16.00
QEF    ,202206  ,0,0,NA
QFF    ,202108  ,19372,3562,5.44
QFF    ,202109  ,2960,418,7.08
QFF    ,202112  ,4054,133,30.48
QFF    ,202203  ,1590,69,23.04
QFF    ,202206  ,28,24,1.17
QGF    ,202108  ,640,333,1.92
QGF    ,202109  ,58,20,2.90
QGF    ,202112  ,0,0,NA
QGF    ,202203  ,0,0,NA
QGF    ,202206  ,0,0,NA
QHF    ,202108  ,11778,4060,2.90
QHF    ,202109  ,136,68,2.00
QHF    ,202112  ,32,10,3.20
QHF    ,202203  ,0,0,NA
QHF    ,202206  ,0,0,NA
QIF    ,202108  ,1594,390,4.09
QIF    ,202109  ,26,14,1.86
QIF    ,202112  ,0,0,NA
QIF    ,202203  ,4,0,9999.99
QIF    ,202206  ,0,0,NA
QJF    ,202108  ,1306,456,2.86
QJF    ,202109  ,78,27,2.89
QJF    ,202112  ,80,0,9999.99
QJF    ,202203  ,0,0,NA
QJF    ,202206  ,0,0,NA
QKF    ,202108  ,810,219,3.70
QKF    ,202109  ,30,6,5.00
QKF    ,202112  ,0,0,NA
QKF    ,202203  ,0,0,NA
QKF    ,202206  ,0,0,NA
QLF    ,202108  ,1078,334,3.23
QLF    ,202109  ,68,7,9.71
QLF    ,202112  ,0,0,NA
QLF    ,202203  ,0,0,NA
QLF    ,202206  ,0,0,NA
QMF    ,202108  ,42,15,2.80
QMF    ,202109  ,0,0,NA
QMF    ,202112  ,0,0,NA
QMF    ,202203  ,0,0,NA
QMF    ,202206  ,0,0,NA
QNF    ,202108  ,260,50,5.20
QNF    ,202109  ,72,18,4.00
QNF    ,202112  ,20,1,20.00
QNF    ,202203  ,0,0,NA
QNF    ,202206  ,0,0,NA
RHF    ,202108  ,144,0,9999.99
RHF    ,202109  ,308,35,8.80
RHF    ,202112  ,400,12,33.33
RHF    ,202203  ,122,2,61.00
RHF    ,202206  ,14,0,9999.99
RHF    ,202209  ,0,0,NA
RTF    ,202108  ,998,31,32.19
RTF    ,202109  ,444,115,3.86
RTF    ,202112  ,412,173,2.38
RTF    ,202203  ,706,12,58.83
RTF    ,202206  ,186,26,7.15
RTF    ,202209  ,14,6,2.33
SPF    ,202109  ,470,173,2.72
SPF    ,202112  ,118,6,19.67
SPF    ,202203  ,2,0,9999.99
SPF    ,202206  ,2,0,9999.99
SPF    ,202209  ,0,0,NA
T5F    ,202108  ,12,3,4.00
T5F    ,202109  ,10,7,1.43
T5F    ,202110  ,0,0,NA
T5F    ,202112  ,0,0,NA
T5F    ,202203  ,0,0,NA
T5F    ,202206  ,0,0,NA
TGF    ,202108  ,630,466,1.35
TGF    ,202110  ,392,155,2.53
TGF    ,202112  ,4,0,9999.99
TGF    ,202202  ,6,0,9999.99
TGF    ,202204  ,0,0,NA
TGF    ,202206  ,0,0,NA
TJF    ,202108  ,336,110,3.05
TJF    ,202109  ,142,26,5.46
TJF    ,202112  ,8,0,9999.99
TJF    ,202203  ,2,0,9999.99
TJF    ,202206  ,0,0,NA
TXF    ,202108  ,147870,235146,0.63
TXF    ,202109  ,23372,1551,15.07
TXF    ,202110  ,508,269,1.89
TXF    ,202112  ,8820,165,53.45
TXF    ,202203  ,1772,56,31.64
TXF    ,202206  ,354,14,25.29
UDF    ,202109  ,3636,7677,0.47
UDF    ,202112  ,184,155,1.19
UDF    ,202203  ,2,0,9999.99
UDF    ,202206  ,0,0,NA
UNF    ,202109  ,3146,5555,0.57
UNF    ,202112  ,84,56,1.50
UNF    ,202203  ,2,0,9999.99
UNF    ,202206  ,2,0,9999.99
UNF    ,202209  ,0,0,NA
XAF    ,202109  ,112,28,4.00
XAF    ,202112  ,152,40,3.80
XAF    ,202203  ,0,0,NA
XAF    ,202206  ,0,0,NA
XBF    ,202109  ,426,82,5.20
XBF    ,202112  ,50,0,9999.99
XBF    ,202203  ,0,0,NA
XBF    ,202206  ,0,0,NA
XEF    ,202109  ,402,375,1.07
XEF    ,202112  ,2,128,0.02
XEF    ,202203  ,0,0,NA
XEF    ,202206  ,0,0,NA
XIF    ,202108  ,538,722,0.75
XIF    ,202109  ,58,17,3.41
XIF    ,202110  ,0,0,NA
XIF    ,202112  ,0,0,NA
XIF    ,202203  ,0,0,NA
XIF    ,202206  ,0,0,NA
XJF    ,202109  ,720,274,2.63
XJF    ,202112  ,50,0,9999.99
XJF    ,202203  ,0,0,NA
XJF    ,202206  ,0,0,NA
ZEF    ,202108  ,4856,6601,0.74
ZEF    ,202109  ,110,60,1.83
ZEF    ,202110  ,0,0,NA
ZEF    ,202112  ,6,0,9999.99
ZEF    ,202203  ,0,0,NA
ZEF    ,202206  ,0,0,NA
